M,a,a_over_M,M_lambda_Kerr_numeric,M_lambda_Kerr_expected,abs_error
1.0,0.0,0.0,0.19245028761371005,0.19245008972987526,1.9788383479046878e-07
